College Code,College Name,Branch Code,Branch Name,Category,Cutoff Rank,Location
E007,Dayananda Sagar College of Engineering,EE,Electrical,1G,7711,Bangalore
E007,Dayananda Sagar College of Engineering,EE,Electrical,1R,14418,Bangalore
E007,Dayananda Sagar College of Engineering,EE,Electrical,2AG,8814,Bangalore
E007,Dayananda Sagar College of Engineering,EE,Electrical,2BG,8086,Bangalore
E007,Dayananda Sagar College of Engineering,EE,Electrical,3AG,5643,Bangalore
E007,Dayananda Sagar College of Engineering,EE,Electrical,3AR,7154,Bangalore
E007,Dayananda Sagar College of Engineering,EE,Electrical,3BG,3455,Bangalore
E007,Dayananda Sagar College of Engineering,EE,Electrical,GM,1105,Bangalore
E007,Dayananda Sagar College of Engineering,EE,Electrical,GMK,12269,Bangalore
E007,Dayananda Sagar College of Engineering,EE,Electrical,GMR,5851,Bangalore
E007,Dayananda Sagar College of Engineering,EE,Electrical,SCG,25484,Bangalore
E007,Dayananda Sagar College of Engineering,EE,Electrical,STG,23041,Bangalore
E007,Dayananda Sagar College of Engineering,ET,Telecom,1G,5309,Bangalore
E007,Dayananda Sagar College of Engineering,ET,Telecom,1R,18144,Bangalore
E007,Dayananda Sagar College of Engineering,ET,Telecom,2AG,5769,Bangalore
E007,Dayananda Sagar College of Engineering,ET,Telecom,2AR,12684,Bangalore
E007,Dayananda Sagar College of Engineering,ET,Telecom,2BG,12805,Bangalore
E007,Dayananda Sagar College of Engineering,ET,Telecom,3AG,3938,Bangalore
E007,Dayananda Sagar College of Engineering,ET,Telecom,3AK,29054,Bangalore
E007,Dayananda Sagar College of Engineering,ET,Telecom,3BG,4303,Bangalore
E007,Dayananda Sagar College of Engineering,ET,Telecom,GM,1240,Bangalore
E007,Dayananda Sagar College of Engineering,ET,Telecom,GMR,8330,Bangalore
E007,Dayananda Sagar College of Engineering,ET,Telecom,SCG,30853,Bangalore
E007,Dayananda Sagar College of Engineering,ET,Telecom,STG,28258,Bangalore
E007,Dayananda Sagar College of Engineering,IE,Info.Science,1G,1499,Bangalore
E007,Dayananda Sagar College of Engineering,IE,Info.Science,2AG,1392,Bangalore
E007,Dayananda Sagar College of Engineering,IE,Info.Science,2AK,5079,Bangalore
E007,Dayananda Sagar College of Engineering,IE,Info.Science,2AR,1653,Bangalore
E007,Dayananda Sagar College of Engineering,IE,Info.Science,2BG,1301,Bangalore
E007,Dayananda Sagar College of Engineering,IE,Info.Science,3AG,1179,Bangalore
E007,Dayananda Sagar College of Engineering,IE,Info.Science,3BG,1090,Bangalore
E007,Dayananda Sagar College of Engineering,IE,Info.Science,3BR,1492,Bangalore
E007,Dayananda Sagar College of Engineering,IE,Info.Science,GM,489,Bangalore
E007,Dayananda Sagar College of Engineering,IE,Info.Science,GMK,1688,Bangalore
E007,Dayananda Sagar College of Engineering,IE,Info.Science,GMR,1398,Bangalore
E007,Dayananda Sagar College of Engineering,IE,Info.Science,SCG,7098,Bangalore
E007,Dayananda Sagar College of Engineering,IE,Info.Science,SCK,18206,Bangalore
E007,Dayananda Sagar College of Engineering,IE,Info.Science,SCR,9460,Bangalore
E007,Dayananda Sagar College of Engineering,IE,Info.Science,STG,9647,Bangalore
E007,Dayananda Sagar College of Engineering,IE,Info.Science,STR,12532,Bangalore
E007,Dayananda Sagar College of Engineering,IM,Industrial Engg Mgmt,1G,16653,Bangalore
E007,Dayananda Sagar College of Engineering,IM,Industrial Engg Mgmt,2AG,26703,Bangalore
E007,Dayananda Sagar College of Engineering,IM,Industrial Engg Mgmt,2AR,33510,Bangalore
E007,Dayananda Sagar College of Engineering,IM,Industrial Engg Mgmt,2BG,37494,Bangalore
E007,Dayananda Sagar College of Engineering,IM,Industrial Engg Mgmt,3AG,15870,Bangalore
E007,Dayananda Sagar College of Engineering,IM,Industrial Engg Mgmt,3BG,24945,Bangalore
E007,Dayananda Sagar College of Engineering,IM,Industrial Engg Mgmt,GM,13536,Bangalore
E007,Dayananda Sagar College of Engineering,IM,Industrial Engg Mgmt,GMK,28983,Bangalore
E007,Dayananda Sagar College of Engineering,IM,Industrial Engg Mgmt,GMR,28395,Bangalore
E007,Dayananda Sagar College of Engineering,IM,Industrial Engg Mgmt,SCG,62827,Bangalore
E007,Dayananda Sagar College of Engineering,IM,Industrial Engg Mgmt,SCR,96205,Bangalore
E007,Dayananda Sagar College of Engineering,IM,Industrial Engg Mgmt,STG,74755,Bangalore
E007,Dayananda Sagar College of Engineering,ME,Mechanical,1G,11574,Bangalore
E007,Dayananda Sagar College of Engineering,ME,Mechanical,2AG,16158,Bangalore
E007,Dayananda Sagar College of Engineering,ME,Mechanical,2AR,20191,Bangalore
E007,Dayananda Sagar College of Engineering,ME,Mechanical,2BG,13964,Bangalore
E007,Dayananda Sagar College of Engineering,ME,Mechanical,2BR,21456,Bangalore
E007,Dayananda Sagar College of Engineering,ME,Mechanical,3AG,6229,Bangalore
E007,Dayananda Sagar College of Engineering,ME,Mechanical,3BG,12340,Bangalore
E007,Dayananda Sagar College of Engineering,ME,Mechanical,GM,3958,Bangalore
E007,Dayananda Sagar College of Engineering,ME,Mechanical,GMK,32152,Bangalore
E007,Dayananda Sagar College of Engineering,ME,Mechanical,GMR,17179,Bangalore
E007,Dayananda Sagar College of Engineering,ME,Mechanical,SCG,44415,Bangalore
E007,Dayananda Sagar College of Engineering,ME,Mechanical,SCK,55420,Bangalore
E007,Dayananda Sagar College of Engineering,ME,Mechanical,SCR,51920,Bangalore
E007,Dayananda Sagar College of Engineering,ME,Mechanical,STG,61778,Bangalore
E007,Dayananda Sagar College of Engineering,ME,Mechanical,STR,64188,Bangalore
E007,Dayananda Sagar College of Engineering,SE,Aerospace,1G,8775,Bangalore
E007,Dayananda Sagar College of Engineering,SE,Aerospace,2AG,5664,Bangalore
E007,Dayananda Sagar College of Engineering,SE,Aerospace,2AR,6852,Bangalore
E007,Dayananda Sagar College of Engineering,SE,Aerospace,2BG,6919,Bangalore
E007,Dayananda Sagar College of Engineering,SE,Aerospace,3AG,2444,Bangalore
E007,Dayananda Sagar College of Engineering,SE,Aerospace,3BG,5981,Bangalore
E007,Dayananda Sagar College of Engineering,SE,Aerospace,GM,1809,Bangalore
E007,Dayananda Sagar College of Engineering,SE,Aerospace,GMK,10915,Bangalore
E007,Dayananda Sagar College of Engineering,SE,Aerospace,GMR,4122,Bangalore
E007,Dayananda Sagar College of Engineering,SE,Aerospace,SCG,21939,Bangalore
E007,Dayananda Sagar College of Engineering,SE,Aerospace,SCR,60164,Bangalore
E007,Dayananda Sagar College of Engineering,SE,Aerospace,STG,17281,Bangalore
E007,Dayananda Sagar College of Engineering,AD,AI & Data Science,1G,2690,Bangalore
E007,Dayananda Sagar College of Engineering,AD,AI & Data Science,2AG,5403,Bangalore
E007,Dayananda Sagar College of Engineering,AD,AI & Data Science,2AR,5711,Bangalore
E007,Dayananda Sagar College of Engineering,AD,AI & Data Science,2BG,3512,Bangalore
E007,Dayananda Sagar College of Engineering,AD,AI & Data Science,3AG,3578,Bangalore
E007,Dayananda Sagar College of Engineering,AD,AI & Data Science,3BG,3791,Bangalore
E007,Dayananda Sagar College of Engineering,AD,AI & Data Science,GM,2547,Bangalore
E007,Dayananda Sagar College of Engineering,AD,AI & Data Science,GMR,5641,Bangalore
E007,Dayananda Sagar College of Engineering,AD,AI & Data Science,SCG,21899,Bangalore
E007,Dayananda Sagar College of Engineering,AD,AI & Data Science,SCR,32167,Bangalore
E007,Dayananda Sagar College of Engineering,AD,AI & Data Science,STG,13531,Bangalore
E007,Dayananda Sagar College of Engineering,AD,AI & Data Science,STK,41216,Bangalore
E007,Dayananda Sagar College of Engineering,AI,Artificial Intelligence,1G,5350,Bangalore
E007,Dayananda Sagar College of Engineering,AI,Artificial Intelligence,2AG,5360,Bangalore
E007,Dayananda Sagar College of Engineering,AI,Artificial Intelligence,2AR,6896,Bangalore
E007,Dayananda Sagar College of Engineering,AI,Artificial Intelligence,2BG,6458,Bangalore
E007,Dayananda Sagar College of Engineering,AI,Artificial Intelligence,3AG,3353,Bangalore
E007,Dayananda Sagar College of Engineering,AI,Artificial Intelligence,3BG,3075,Bangalore
E007,Dayananda Sagar College of Engineering,AI,Artificial Intelligence,GM,2861,Bangalore
E007,Dayananda Sagar College of Engineering,AI,Artificial Intelligence,GMK,3447,Bangalore
E007,Dayananda Sagar College of Engineering,AI,Artificial Intelligence,GMR,4397,Bangalore
E007,Dayananda Sagar College of Engineering,AI,Artificial Intelligence,SCG,19687,Bangalore
E007,Dayananda Sagar College of Engineering,AI,Artificial Intelligence,SCR,22097,Bangalore
E007,Dayananda Sagar College of Engineering,AI,Artificial Intelligence,STG,16813,Bangalore
E007,Dayananda Sagar College of Engineering,BT,Bio Technology,1G,20626,Bangalore
E007,Dayananda Sagar College of Engineering,BT,Bio Technology,1R,40605,Bangalore
E007,Dayananda Sagar College of Engineering,BT,Bio Technology,2AG,21812,Bangalore
E007,Dayananda Sagar College of Engineering,BT,Bio Technology,2BG,22650,Bangalore
E007,Dayananda Sagar College of Engineering,BT,Bio Technology,3AG,17759,Bangalore
E007,Dayananda Sagar College of Engineering,BT,Bio Technology,3BG,21224,Bangalore
E007,Dayananda Sagar College of Engineering,BT,Bio Technology,GM,10082,Bangalore
E007,Dayananda Sagar College of Engineering,BT,Bio Technology,GMK,43460,Bangalore
E007,Dayananda Sagar College of Engineering,BT,Bio Technology,GMR,16215,Bangalore
E007,Dayananda Sagar College of Engineering,BT,Bio Technology,SCG,41597,Bangalore
E007,Dayananda Sagar College of Engineering,BT,Bio Technology,SCR,82437,Bangalore
E007,Dayananda Sagar College of Engineering,BT,Bio Technology,STG,54406,Bangalore
E007,Dayananda Sagar College of Engineering,BT,Bio Technology,STK,57303,Bangalore
E007,Dayananda Sagar College of Engineering,CA,"CS (AI, Machine",1G,4258,Bangalore
E007,Dayananda Sagar College of Engineering,CA,"CS (AI, Machine",2AG,4915,Bangalore
E007,Dayananda Sagar College of Engineering,CA,"CS (AI, Machine",2AR,5534,Bangalore
E007,Dayananda Sagar College of Engineering,CA,"CS (AI, Machine",2BG,3506,Bangalore
E007,Dayananda Sagar College of Engineering,CA,"CS (AI, Machine",3AG,2504,Bangalore
E007,Dayananda Sagar College of Engineering,CA,"CS (AI, Machine",3BG,3031,Bangalore
E007,Dayananda Sagar College of Engineering,CA,"CS (AI, Machine",3BR,4741,Bangalore
E007,Dayananda Sagar College of Engineering,CA,"CS (AI, Machine",GM,2256,Bangalore
E007,Dayananda Sagar College of Engineering,CA,"CS (AI, Machine",GMK,3433,Bangalore
E007,Dayananda Sagar College of Engineering,CA,"CS (AI, Machine",GMR,4611,Bangalore
E007,Dayananda Sagar College of Engineering,CA,"CS (AI, Machine",SCG,17734,Bangalore
E007,Dayananda Sagar College of Engineering,CA,"CS (AI, Machine",SCK,29723,Bangalore
E007,Dayananda Sagar College of Engineering,CA,"CS (AI, Machine",SCR,27217,Bangalore
E007,Dayananda Sagar College of Engineering,CA,"CS (AI, Machine",STG,15559,Bangalore
E007,Dayananda Sagar College of Engineering,CA,"CS (AI, Machine",STR,22302,Bangalore
E007,Dayananda Sagar College of Engineering,CE,Civil,1G,33943,Bangalore
E007,Dayananda Sagar College of Engineering,CE,Civil,2AG,41581,Bangalore
E007,Dayananda Sagar College of Engineering,CE,Civil,2AR,60488,Bangalore
E007,Dayananda Sagar College of Engineering,CE,Civil,2BG,47510,Bangalore
E007,Dayananda Sagar College of Engineering,CE,Civil,3AG,35126,Bangalore
E007,Dayananda Sagar College of Engineering,CE,Civil,3BG,39466,Bangalore
E007,Dayananda Sagar College of Engineering,CE,Civil,GM,29770,Bangalore
E007,Dayananda Sagar College of Engineering,CE,Civil,GMK,56813,Bangalore
E007,Dayananda Sagar College of Engineering,CE,Civil,GMR,38999,Bangalore
E007,Dayananda Sagar College of Engineering,CE,Civil,SCG,47261,Bangalore
E007,Dayananda Sagar College of Engineering,CE,Civil,SCR,87623,Bangalore
E007,Dayananda Sagar College of Engineering,CE,Civil,STG,64928,Bangalore
E007,Dayananda Sagar College of Engineering,CH,Chemical,1G,40528,Bangalore
E007,Dayananda Sagar College of Engineering,CH,Chemical,2AG,31515,Bangalore
E007,Dayananda Sagar College of Engineering,CH,Chemical,2AR,37698,Bangalore
E007,Dayananda Sagar College of Engineering,CH,Chemical,2BG,42170,Bangalore
E007,Dayananda Sagar College of Engineering,CH,Chemical,3AG,24480,Bangalore
E007,Dayananda Sagar College of Engineering,CH,Chemical,3BG,20611,Bangalore
E007,Dayananda Sagar College of Engineering,CH,Chemical,3BK,26774,Bangalore
E007,Dayananda Sagar College of Engineering,CH,Chemical,GM,18616,Bangalore
E007,Dayananda Sagar College of Engineering,CH,Chemical,GMR,27194,Bangalore
E007,Dayananda Sagar College of Engineering,CH,Chemical,SCG,62182,Bangalore
E007,Dayananda Sagar College of Engineering,CH,Chemical,SCR,81913,Bangalore
E007,Dayananda Sagar College of Engineering,CH,Chemical,STG,37549,Bangalore
E007,Dayananda Sagar College of Engineering,CS,Computer Science,1G,2330,Bangalore
E007,Dayananda Sagar College of Engineering,CS,Computer Science,2AG,3089,Bangalore
E007,Dayananda Sagar College of Engineering,CS,Computer Science,2AK,5210,Bangalore
E007,Dayananda Sagar College of Engineering,CS,Computer Science,2AR,3258,Bangalore
E007,Dayananda Sagar College of Engineering,CS,Computer Science,2BG,2300,Bangalore
E007,Dayananda Sagar College of Engineering,CS,Computer Science,2BR,5976,Bangalore
E007,Dayananda Sagar College of Engineering,CS,Computer Science,3AG,1941,Bangalore
E007,Dayananda Sagar College of Engineering,CS,Computer Science,3BG,2363,Bangalore
E007,Dayananda Sagar College of Engineering,CS,Computer Science,GM,1254,Bangalore
E007,Dayananda Sagar College of Engineering,CS,Computer Science,GMK,2687,Bangalore
E007,Dayananda Sagar College of Engineering,CS,Computer Science,GMR,2248,Bangalore
E007,Dayananda Sagar College of Engineering,CS,Computer Science,SCG,10414,Bangalore
E007,Dayananda Sagar College of Engineering,CS,Computer Science,SCK,19248,Bangalore
E007,Dayananda Sagar College of Engineering,CS,Computer Science,SCR,14747,Bangalore
E007,Dayananda Sagar College of Engineering,CS,Computer Science,STG,13644,Bangalore
E007,Dayananda Sagar College of Engineering,CS,Computer Science,STR,13873,Bangalore
E007,Dayananda Sagar College of Engineering,CY,Cyber Security,2AG,5200,Bangalore
E007,Dayananda Sagar College of Engineering,CY,Cyber Security,2AR,7586,Bangalore
E007,Dayananda Sagar College of Engineering,CY,Cyber Security,2BG,4296,Bangalore
E007,Dayananda Sagar College of Engineering,CY,Cyber Security,3AG,3576,Bangalore
E007,Dayananda Sagar College of Engineering,CY,Cyber Security,3BG,3825,Bangalore
E007,Dayananda Sagar College of Engineering,CY,Cyber Security,GM,2382,Bangalore
E007,Dayananda Sagar College of Engineering,CY,Cyber Security,GMK,7166,Bangalore
E007,Dayananda Sagar College of Engineering,CY,Cyber Security,GMR,5171,Bangalore
E007,Dayananda Sagar College of Engineering,CY,Cyber Security,SCG,19046,Bangalore
E007,Dayananda Sagar College of Engineering,CY,Cyber Security,SCR,35785,Bangalore
E007,Dayananda Sagar College of Engineering,CY,Cyber Security,STG,19777,Bangalore
E007,Dayananda Sagar College of Engineering,EC,Electronics,1G,6799,Bangalore
E007,Dayananda Sagar College of Engineering,EC,Electronics,2AG,6358,Bangalore
E007,Dayananda Sagar College of Engineering,EC,Electronics,2AK,10112,Bangalore
E007,Dayananda Sagar College of Engineering,EC,Electronics,2AR,7170,Bangalore
E007,Dayananda Sagar College of Engineering,EC,Electronics,2BG,7203,Bangalore
E007,Dayananda Sagar College of Engineering,EC,Electronics,3AG,4058,Bangalore
E007,Dayananda Sagar College of Engineering,EC,Electronics,3AR,8103,Bangalore
E007,Dayananda Sagar College of Engineering,EC,Electronics,3BG,3759,Bangalore
E007,Dayananda Sagar College of Engineering,EC,Electronics,3BR,6068,Bangalore
E007,Dayananda Sagar College of Engineering,EC,Electronics,GM,3268,Bangalore
E007,Dayananda Sagar College of Engineering,EC,Electronics,GMK,4391,Bangalore
E007,Dayananda Sagar College of Engineering,EC,Electronics,GMR,5606,Bangalore
E007,Dayananda Sagar College of Engineering,EC,Electronics,SCG,26964,Bangalore
E007,Dayananda Sagar College of Engineering,EC,Electronics,SCK,28765,Bangalore
E007,Dayananda Sagar College of Engineering,EC,Electronics,SCR,27461,Bangalore
E007,Dayananda Sagar College of Engineering,EC,Electronics,STG,29420,Bangalore
E007,Dayananda Sagar College of Engineering,EC,Electronics,STR,34278,Bangalore
E007,Dayananda Sagar College of Engineering,EE,Electrical,1R,19580,Bangalore
E007,Dayananda Sagar College of Engineering,EE,Electrical,2AG,12264,Bangalore
E007,Dayananda Sagar College of Engineering,EE,Electrical,2BG,9976,Bangalore
E007,Dayananda Sagar College of Engineering,EE,Electrical,2BR,72517,Bangalore
E007,Dayananda Sagar College of Engineering,EE,Electrical,3AG,9258,Bangalore
E007,Dayananda Sagar College of Engineering,EE,Electrical,3AK,29298,Bangalore
E007,Dayananda Sagar College of Engineering,EE,Electrical,3BG,9400,Bangalore
E007,Dayananda Sagar College of Engineering,EE,Electrical,GM,5220,Bangalore
E007,Dayananda Sagar College of Engineering,EE,Electrical,GMR,9211,Bangalore
E007,Dayananda Sagar College of Engineering,EE,Electrical,SCG,43666,Bangalore
E007,Dayananda Sagar College of Engineering,EE,Electrical,STG,33215,Bangalore
E007,Dayananda Sagar College of Engineering,EI,Electronics & Instrumentation,1G,16979,Bangalore
E007,Dayananda Sagar College of Engineering,EI,Electronics & Instrumentation,1K,65522,Bangalore
E007,Dayananda Sagar College of Engineering,EI,Electronics & Instrumentation,2AG,14370,Bangalore
E007,Dayananda Sagar College of Engineering,EI,Electronics & Instrumentation,2AR,25202,Bangalore
E007,Dayananda Sagar College of Engineering,EI,Electronics & Instrumentation,2BG,16611,Bangalore
E007,Dayananda Sagar College of Engineering,EI,Electronics & Instrumentation,3AG,15002,Bangalore
E007,Dayananda Sagar College of Engineering,EI,Electronics & Instrumentation,3BG,9658,Bangalore
E007,Dayananda Sagar College of Engineering,EI,Electronics & Instrumentation,GM,6969,Bangalore
E007,Dayananda Sagar College of Engineering,EI,Electronics & Instrumentation,GMR,19609,Bangalore
E007,Dayananda Sagar College of Engineering,EI,Electronics & Instrumentation,SCG,64532,Bangalore
E007,Dayananda Sagar College of Engineering,EI,Electronics & Instrumentation,SCR,91375,Bangalore
E007,Dayananda Sagar College of Engineering,EI,Electronics & Instrumentation,STG,62909,Bangalore
E007,Dayananda Sagar College of Engineering,ET,Telecom,1G,14611,Bangalore
E007,Dayananda Sagar College of Engineering,ET,Telecom,1R,33996,Bangalore
E007,Dayananda Sagar College of Engineering,ET,Telecom,2AG,12262,Bangalore
E007,Dayananda Sagar College of Engineering,ET,Telecom,2BG,14625,Bangalore
E007,Dayananda Sagar College of Engineering,ET,Telecom,2BK,145515,Bangalore
E007,Dayananda Sagar College of Engineering,ET,Telecom,3AG,9154,Bangalore
E007,Dayananda Sagar College of Engineering,ET,Telecom,3BG,7072,Bangalore
E007,Dayananda Sagar College of Engineering,ET,Telecom,GM,4274,Bangalore
E007,Dayananda Sagar College of Engineering,ET,Telecom,GMR,16588,Bangalore
E007,Dayananda Sagar College of Engineering,ET,Telecom,SCG,52810,Bangalore
E007,Dayananda Sagar College of Engineering,ET,Telecom,SCR,71685,Bangalore
E007,Dayananda Sagar College of Engineering,ET,Telecom,STG,49756,Bangalore
E007,Dayananda Sagar College of Engineering,IE,Info.Science,1G,4889,Bangalore
E007,Dayananda Sagar College of Engineering,IE,Info.Science,2AG,4680,Bangalore
E007,Dayananda Sagar College of Engineering,IE,Info.Science,2AK,5810,Bangalore
E007,Dayananda Sagar College of Engineering,IE,Info.Science,2AR,6938,Bangalore
E007,Dayananda Sagar College of Engineering,IE,Info.Science,2BG,5141,Bangalore
E007,Dayananda Sagar College of Engineering,IE,Info.Science,3AG,2507,Bangalore
E007,Dayananda Sagar College of Engineering,IE,Info.Science,3AR,4731,Bangalore
E007,Dayananda Sagar College of Engineering,IE,Info.Science,3BG,2940,Bangalore
E007,Dayananda Sagar College of Engineering,IE,Info.Science,3BR,4514,Bangalore
E007,Dayananda Sagar College of Engineering,IE,Info.Science,GM,2241,Bangalore
E007,Dayananda Sagar College of Engineering,IE,Info.Science,GMK,5573,Bangalore
E007,Dayananda Sagar College of Engineering,IE,Info.Science,GMR,3953,Bangalore
E007,Dayananda Sagar College of Engineering,IE,Info.Science,SCG,19513,Bangalore
E007,Dayananda Sagar College of Engineering,IE,Info.Science,SCK,26549,Bangalore
E007,Dayananda Sagar College of Engineering,IE,Info.Science,SCR,29790,Bangalore
E007,Dayananda Sagar College of Engineering,IE,Info.Science,STG,18937,Bangalore
E007,Dayananda Sagar College of Engineering,IE,Info.Science,STR,25994,Bangalore
E007,Dayananda Sagar College of Engineering,IM,Industrial Engg Mgmt,1G,31155,Bangalore
E007,Dayananda Sagar College of Engineering,IM,Industrial Engg Mgmt,2AG,50595,Bangalore
E007,Dayananda Sagar College of Engineering,IM,Industrial Engg Mgmt,2BR,148036,Bangalore
E007,Dayananda Sagar College of Engineering,IM,Industrial Engg Mgmt,3AG,32511,Bangalore
E007,Dayananda Sagar College of Engineering,IM,Industrial Engg Mgmt,3BG,45116,Bangalore
E007,Dayananda Sagar College of Engineering,IM,Industrial Engg Mgmt,3BR,74624,Bangalore
E007,Dayananda Sagar College of Engineering,IM,Industrial Engg Mgmt,GM,26275,Bangalore
E007,Dayananda Sagar College of Engineering,IM,Industrial Engg Mgmt,GMK,63319,Bangalore
E007,Dayananda Sagar College of Engineering,IM,Industrial Engg Mgmt,GMR,35911,Bangalore
E007,Dayananda Sagar College of Engineering,IM,Industrial Engg Mgmt,SCG,112562,Bangalore
E007,Dayananda Sagar College of Engineering,IM,Industrial Engg Mgmt,STG,109445,Bangalore
E007,Dayananda Sagar College of Engineering,MD,Medical Electronics,1G,74739,Bangalore
E007,Dayananda Sagar College of Engineering,MD,Medical Electronics,2AG,40946,Bangalore
E007,Dayananda Sagar College of Engineering,MD,Medical Electronics,2AR,78368,Bangalore
E007,Dayananda Sagar College of Engineering,MD,Medical Electronics,2BG,48685,Bangalore
E007,Dayananda Sagar College of Engineering,MD,Medical Electronics,3AG,44119,Bangalore
E007,Dayananda Sagar College of Engineering,MD,Medical Electronics,3BG,43586,Bangalore
E007,Dayananda Sagar College of Engineering,MD,Medical Electronics,GM,32115,Bangalore
E007,Dayananda Sagar College of Engineering,MD,Medical Electronics,GMK,75344,Bangalore
E007,Dayananda Sagar College of Engineering,MD,Medical Electronics,GMR,49738,Bangalore
E007,Dayananda Sagar College of Engineering,MD,Medical Electronics,SCG,101570,Bangalore
E007,Dayananda Sagar College of Engineering,MD,Medical Electronics,STK,32386,Bangalore
E007,Dayananda Sagar College of Engineering,ME,Mechanical,1K,32261,Bangalore
E007,Dayananda Sagar College of Engineering,ME,Mechanical,2AG,44504,Bangalore
E007,Dayananda Sagar College of Engineering,ME,Mechanical,2AK,32530,Bangalore
E007,Dayananda Sagar College of Engineering,ME,Mechanical,2BK,26292,Bangalore
E007,Dayananda Sagar College of Engineering,ME,Mechanical,3AG,38371,Bangalore
E007,Dayananda Sagar College of Engineering,ME,Mechanical,3AK,28351,Bangalore
E007,Dayananda Sagar College of Engineering,ME,Mechanical,3BK,15760,Bangalore
E007,Dayananda Sagar College of Engineering,ME,Mechanical,3BR,38490,Bangalore
E007,Dayananda Sagar College of Engineering,ME,Mechanical,GM,32039,Bangalore
E007,Dayananda Sagar College of Engineering,ME,Mechanical,GMK,81362,Bangalore
E007,Dayananda Sagar College of Engineering,ME,Mechanical,GMR,95454,Bangalore
E007,Dayananda Sagar College of Engineering,ME,Mechanical,SCK,115501,Bangalore
E007,Dayananda Sagar College of Engineering,ME,Mechanical,STR,17252,Bangalore
E007,Dayananda Sagar College of Engineering,SE,Aerospace,1G,30038,Bangalore
E007,Dayananda Sagar College of Engineering,SE,Aerospace,1R,9066,Bangalore
E007,Dayananda Sagar College of Engineering,SE,Aerospace,2AK,25720,Bangalore
E007,Dayananda Sagar College of Engineering,SE,Aerospace,2AR,7936,Bangalore
E007,Dayananda Sagar College of Engineering,SE,Aerospace,2BR,8768,Bangalore
E007,Dayananda Sagar College of Engineering,SE,Aerospace,3AR,6488,Bangalore
E007,Dayananda Sagar College of Engineering,SE,Aerospace,3BG,18477,Bangalore
E007,Dayananda Sagar College of Engineering,SE,Aerospace,3BK,14777,Bangalore
E007,Dayananda Sagar College of Engineering,SE,Aerospace,3BR,44587,Bangalore
E007,Dayananda Sagar College of Engineering,SE,Aerospace,GMR,25614,Bangalore
E007,Dayananda Sagar College of Engineering,SE,Aerospace,SCK,39929,Bangalore
E007,Dayananda Sagar College of Engineering,SE,Aerospace,SCR,20572,Bangalore
E007,Dayananda Sagar College of Engineering,SE,Aerospace,STR,19983,Bangalore
E007,Dayananda Sagar College of Engineering,AE,Aeronautical,1K,25736,Bangalore
E007,Dayananda Sagar College of Engineering,AE,Aeronautical,1R,23909,Bangalore
E007,Dayananda Sagar College of Engineering,AE,Aeronautical,2AR,19063,Bangalore
E007,Dayananda Sagar College of Engineering,AE,Aeronautical,2BR,19859,Bangalore
E007,Dayananda Sagar College of Engineering,AE,Aeronautical,3AR,17436,Bangalore
E007,Dayananda Sagar College of Engineering,AE,Aeronautical,3BG,23034,Bangalore
E007,Dayananda Sagar College of Engineering,AE,Aeronautical,3BK,17814,Bangalore
E007,Dayananda Sagar College of Engineering,AE,Aeronautical,3BR,49690,Bangalore
E007,Dayananda Sagar College of Engineering,AE,Aeronautical,GMK,64411,Bangalore
E007,Dayananda Sagar College of Engineering,AE,Aeronautical,GMR,44603,Bangalore
E007,Dayananda Sagar College of Engineering,AE,Aeronautical,SCR,7375,Bangalore
E007,Dayananda Sagar College of Engineering,AE,Aeronautical,STR,7141,Bangalore
E007,Dayananda Sagar College of Engineering,AI,Artificial Intelligence,1K,8542,Bangalore
E007,Dayananda Sagar College of Engineering,AI,Artificial Intelligence,2AR,5586,Bangalore
E007,Dayananda Sagar College of Engineering,AI,Artificial Intelligence,2BG,11616,Bangalore
E007,Dayananda Sagar College of Engineering,AI,Artificial Intelligence,2BR,5472,Bangalore
E007,Dayananda Sagar College of Engineering,AI,Artificial Intelligence,3AR,4962,Bangalore
E007,Dayananda Sagar College of Engineering,AI,Artificial Intelligence,3BK,8485,Bangalore
E007,Dayananda Sagar College of Engineering,AI,Artificial Intelligence,3BR,30377,Bangalore
E007,Dayananda Sagar College of Engineering,AI,Artificial Intelligence,GMK,34357,Bangalore
E007,Dayananda Sagar College of Engineering,AI,Artificial Intelligence,GMR,34369,Bangalore
E007,Dayananda Sagar College of Engineering,AI,Artificial Intelligence,SCR,98430,Bangalore
E007,Dayananda Sagar College of Engineering,AI,Artificial Intelligence,STR,66363,Bangalore
E007,Dayananda Sagar College of Engineering,AU,Automobile,1G,120225,Bangalore
E007,Dayananda Sagar College of Engineering,AU,Automobile,1R,81817,Bangalore
E007,Dayananda Sagar College of Engineering,AU,Automobile,2AK,151281,Bangalore
E007,Dayananda Sagar College of Engineering,AU,Automobile,2AR,53832,Bangalore
E007,Dayananda Sagar College of Engineering,AU,Automobile,2BR,55215,Bangalore
E007,Dayananda Sagar College of Engineering,AU,Automobile,3AR,48842,Bangalore
E007,Dayananda Sagar College of Engineering,AU,Automobile,3BG,69486,Bangalore
E007,Dayananda Sagar College of Engineering,AU,Automobile,3BK,56595,Bangalore
E007,Dayananda Sagar College of Engineering,AU,Automobile,3BR,121808,Bangalore
E007,Dayananda Sagar College of Engineering,AU,Automobile,SCG,25508,Bangalore
E007,Dayananda Sagar College of Engineering,AU,Automobile,STG,29866,Bangalore
E007,Dayananda Sagar College of Engineering,AU,Automobile,STR,60915,Bangalore
E007,Dayananda Sagar College of Engineering,BT,Bio Technology,1G,45324,Bangalore
E007,Dayananda Sagar College of Engineering,BT,Bio Technology,2AG,32413,Bangalore
E007,Dayananda Sagar College of Engineering,BT,Bio Technology,2BG,28868,Bangalore
E007,Dayananda Sagar College of Engineering,BT,Bio Technology,3AG,20973,Bangalore
E007,Dayananda Sagar College of Engineering,BT,Bio Technology,3AK,58842,Bangalore
E007,Dayananda Sagar College of Engineering,BT,Bio Technology,3AR,28017,Bangalore
E007,Dayananda Sagar College of Engineering,BT,Bio Technology,3BG,77703,Bangalore
E007,Dayananda Sagar College of Engineering,BT,Bio Technology,3BR,92150,Bangalore
E007,Dayananda Sagar College of Engineering,BT,Bio Technology,GM,83332,Bangalore
E007,Dayananda Sagar College of Engineering,BT,Bio Technology,SCG,11603,Bangalore
E007,Dayananda Sagar College of Engineering,BT,Bio Technology,STG,13766,Bangalore
E007,Dayananda Sagar College of Engineering,CB,Comp Sc and Business Systems,2BG,7983,Bangalore
E007,Dayananda Sagar College of Engineering,CB,Comp Sc and Business Systems,3AG,7198,Bangalore
E007,Dayananda Sagar College of Engineering,CB,Comp Sc and Business Systems,3AK,21750,Bangalore
E007,Dayananda Sagar College of Engineering,CB,Comp Sc and Business Systems,3AR,10640,Bangalore
E007,Dayananda Sagar College of Engineering,CB,Comp Sc and Business Systems,3BG,47250,Bangalore
E007,Dayananda Sagar College of Engineering,CB,Comp Sc and Business Systems,3BR,66456,Bangalore
E007,Dayananda Sagar College of Engineering,CB,Comp Sc and Business Systems,GM,46351,Bangalore
E007,Dayananda Sagar College of Engineering,CB,Comp Sc and Business Systems,GMK,70152,Bangalore
E007,Dayananda Sagar College of Engineering,CB,Comp Sc and Business Systems,GMR,75202,Bangalore
E007,Dayananda Sagar College of Engineering,CB,Comp Sc and Business Systems,SCG,14654,Bangalore
E007,Dayananda Sagar College of Engineering,CB,Comp Sc and Business Systems,SCR,33259,Bangalore
E007,Dayananda Sagar College of Engineering,CB,Comp Sc and Business Systems,STG,13856,Bangalore
E007,Dayananda Sagar College of Engineering,CD,Computer Sc and Design,1G,9651,Bangalore
E007,Dayananda Sagar College of Engineering,CD,Computer Sc and Design,2AG,8708,Bangalore
E007,Dayananda Sagar College of Engineering,CD,Computer Sc and Design,2AR,18396,Bangalore
E007,Dayananda Sagar College of Engineering,CD,Computer Sc and Design,2BG,8521,Bangalore
E007,Dayananda Sagar College of Engineering,CD,Computer Sc and Design,3AG,7878,Bangalore
E007,Dayananda Sagar College of Engineering,CD,Computer Sc and Design,3AK,22427,Bangalore
E007,Dayananda Sagar College of Engineering,CD,Computer Sc and Design,3AR,13668,Bangalore
E007,Dayananda Sagar College of Engineering,CD,Computer Sc and Design,3BG,49263,Bangalore
E007,Dayananda Sagar College of Engineering,CD,Computer Sc and Design,GM,51428,Bangalore
E007,Dayananda Sagar College of Engineering,CD,Computer Sc and Design,SCG,103403,Bangalore
E007,Dayananda Sagar College of Engineering,CD,Computer Sc and Design,STR,84624,Bangalore
E007,Dayananda Sagar College of Engineering,CE,Civil,1R,76845,Bangalore
E007,Dayananda Sagar College of Engineering,CE,Civil,2AK,96135,Bangalore
E007,Dayananda Sagar College of Engineering,CE,Civil,2AR,65608,Bangalore
E007,Dayananda Sagar College of Engineering,CE,Civil,2BG,81980,Bangalore
E007,Dayananda Sagar College of Engineering,CE,Civil,2BK,93359,Bangalore
E007,Dayananda Sagar College of Engineering,CE,Civil,3AG,152710,Bangalore
E007,Dayananda Sagar College of Engineering,CE,Civil,3AK,39337,Bangalore
E007,Dayananda Sagar College of Engineering,CE,Civil,3AR,43637,Bangalore
E007,Dayananda Sagar College of Engineering,CE,Civil,3BR,48016,Bangalore
E007,Dayananda Sagar College of Engineering,CE,Civil,GM,147955,Bangalore
E007,Dayananda Sagar College of Engineering,CE,Civil,GMK,88516,Bangalore
E007,Dayananda Sagar College of Engineering,CE,Civil,GMR,45679,Bangalore
E007,Dayananda Sagar College of Engineering,CE,Civil,SCR,39364,Bangalore
E007,Dayananda Sagar College of Engineering,CE,Civil,STR,33660,Bangalore
E007,Dayananda Sagar College of Engineering,CH,Chemical,1K,36430,Bangalore
E007,Dayananda Sagar College of Engineering,CH,Chemical,1R,99618,Bangalore
E007,Dayananda Sagar College of Engineering,CH,Chemical,2AR,106036,Bangalore
E007,Dayananda Sagar College of Engineering,CH,Chemical,2BR,8404,Bangalore
E007,Dayananda Sagar College of Engineering,CH,Chemical,3AK,9108,Bangalore
E007,Dayananda Sagar College of Engineering,CH,Chemical,3AR,6953,Bangalore
E007,Dayananda Sagar College of Engineering,CH,Chemical,3BG,9948,Bangalore
E007,Dayananda Sagar College of Engineering,CH,Chemical,3BK,7581,Bangalore
E007,Dayananda Sagar College of Engineering,CH,Chemical,3BR,9044,Bangalore
E007,Dayananda Sagar College of Engineering,CH,Chemical,GMK,10974,Bangalore
E007,Dayananda Sagar College of Engineering,CH,Chemical,GMR,5183,Bangalore
E007,Dayananda Sagar College of Engineering,CH,Chemical,SCR,4754,Bangalore
E007,Dayananda Sagar College of Engineering,CH,Chemical,STK,5943,Bangalore
E007,Dayananda Sagar College of Engineering,CH,Chemical,STR,4024,Bangalore
E007,Dayananda Sagar College of Engineering,CS,Computer Science,1G,8764,Bangalore
E007,Dayananda Sagar College of Engineering,CS,Computer Science,1K,5882,Bangalore
E007,Dayananda Sagar College of Engineering,CS,Computer Science,1R,26230,Bangalore
E007,Dayananda Sagar College of Engineering,CS,Computer Science,2AG,31957,Bangalore
E007,Dayananda Sagar College of Engineering,CS,Computer Science,2AK,31261,Bangalore
E007,Dayananda Sagar College of Engineering,CS,Computer Science,2AR,30190,Bangalore
E007,Dayananda Sagar College of Engineering,CS,Computer Science,2BG,37113,Bangalore
E007,Dayananda Sagar College of Engineering,CS,Computer Science,2BK,31510,Bangalore
E007,Dayananda Sagar College of Engineering,CS,Computer Science,3AR,8945,Bangalore
E007,Dayananda Sagar College of Engineering,CS,Computer Science,3BK,9841,Bangalore
E007,Dayananda Sagar College of Engineering,CS,Computer Science,3BR,15791,Bangalore
E007,Dayananda Sagar College of Engineering,CS,Computer Science,GM,33606,Bangalore
E007,Dayananda Sagar College of Engineering,CS,Computer Science,GMR,6822,Bangalore
E007,Dayananda Sagar College of Engineering,CS,Computer Science,SCR,5927,Bangalore
E007,Dayananda Sagar College of Engineering,CS,Computer Science,STR,5271,Bangalore
E007,Dayananda Sagar College of Engineering,CY,Cyber Security,1K,7782,Bangalore
E007,Dayananda Sagar College of Engineering,CY,Cyber Security,1R,33945,Bangalore
E007,Dayananda Sagar College of Engineering,CY,Cyber Security,2AK,62798,Bangalore
E007,Dayananda Sagar College of Engineering,CY,Cyber Security,2AR,35462,Bangalore
E007,Dayananda Sagar College of Engineering,CY,Cyber Security,2BR,2024,Bangalore
E007,Dayananda Sagar College of Engineering,CY,Cyber Security,3AG,30,Bangalore
E007,Dayananda Sagar College of Engineering,CY,Cyber Security,3AK,24,Bangalore
E007,Dayananda Sagar College of Engineering,CY,Cyber Security,3AR,12,Bangalore
E007,Dayananda Sagar College of Engineering,CY,Cyber Security,3BG,9,Bangalore
E007,Dayananda Sagar College of Engineering,CY,Cyber Security,3BK,11,Bangalore
E011,M V J College of Engineering,DS,Data Science,1G,8884,Tumkur
E011,M V J College of Engineering,DS,Data Science,2AG,7632,Tumkur
E011,M V J College of Engineering,DS,Data Science,2AR,8996,Tumkur
E011,M V J College of Engineering,DS,Data Science,2BG,9332,Tumkur
E011,M V J College of Engineering,DS,Data Science,3AG,6191,Tumkur
E011,M V J College of Engineering,DS,Data Science,3BG,6406,Tumkur
E011,M V J College of Engineering,DS,Data Science,3BK,11218,Tumkur
E011,M V J College of Engineering,DS,Data Science,GM,4890,Tumkur
E011,M V J College of Engineering,DS,Data Science,GMR,8444,Tumkur
E011,M V J College of Engineering,DS,Data Science,SCG,36061,Tumkur
E011,M V J College of Engineering,DS,Data Science,SCR,53914,Tumkur
E011,M V J College of Engineering,DS,Data Science,STG,22828,Tumkur
E011,M V J College of Engineering,EC,Electronics,1G,12525,Tumkur
E011,M V J College of Engineering,EC,Electronics,1R,13985,Tumkur
E011,M V J College of Engineering,EC,Electronics,2AG,13944,Tumkur
E011,M V J College of Engineering,EC,Electronics,2AK,18347,Tumkur
E011,M V J College of Engineering,EC,Electronics,2AR,15299,Tumkur
E011,M V J College of Engineering,EC,Electronics,2BG,16348,Tumkur
E011,M V J College of Engineering,EC,Electronics,2BR,21879,Tumkur
E011,M V J College of Engineering,EC,Electronics,3AG,9542,Tumkur
E011,M V J College of Engineering,EC,Electronics,3BG,8784,Tumkur
E011,M V J College of Engineering,EC,Electronics,3BR,14256,Tumkur
E011,M V J College of Engineering,EC,Electronics,GM,7567,Tumkur
E011,M V J College of Engineering,EC,Electronics,GMK,16361,Tumkur
E011,M V J College of Engineering,EC,Electronics,GMR,13615,Tumkur
E011,M V J College of Engineering,EC,Electronics,SCG,55805,Tumkur
E011,M V J College of Engineering,EC,Electronics,SCK,64211,Tumkur
E011,M V J College of Engineering,EC,Electronics,SCR,61396,Tumkur
E011,M V J College of Engineering,EC,Electronics,STG,48824,Tumkur
E011,M V J College of Engineering,EC,Electronics,STK,58763,Tumkur
E011,M V J College of Engineering,EC,Electronics,STR,51184,Tumkur
E011,M V J College of Engineering,EE,Electrical,1G,22396,Tumkur
E011,M V J College of Engineering,EE,Electrical,2AG,28640,Tumkur
E011,M V J College of Engineering,EE,Electrical,2AR,36139,Tumkur
E011,M V J College of Engineering,EE,Electrical,2BG,42671,Tumkur
E011,M V J College of Engineering,EE,Electrical,3AG,22735,Tumkur
E011,M V J College of Engineering,EE,Electrical,3BG,22754,Tumkur
E011,M V J College of Engineering,EE,Electrical,3BR,30314,Tumkur
E011,M V J College of Engineering,EE,Electrical,GM,20879,Tumkur
E011,M V J College of Engineering,EE,Electrical,GMK,34223,Tumkur
E011,M V J College of Engineering,EE,Electrical,GMR,29886,Tumkur
E011,M V J College of Engineering,EE,Electrical,SCG,76668,Tumkur
E011,M V J College of Engineering,EE,Electrical,SCK,103174,Tumkur
E011,M V J College of Engineering,EE,Electrical,SCR,91097,Tumkur
E011,M V J College of Engineering,EE,Electrical,STG,74955,Tumkur
E011,M V J College of Engineering,EE,Electrical,STR,76281,Tumkur
E011,M V J College of Engineering,EI,Electronics & Instrumentation,1G,30892,Tumkur
E011,M V J College of Engineering,EI,Electronics & Instrumentation,2AG,33893,Tumkur
E011,M V J College of Engineering,EI,Electronics & Instrumentation,2BG,28103,Tumkur
E011,M V J College of Engineering,EI,Electronics & Instrumentation,3AG,25699,Tumkur
E011,M V J College of Engineering,EI,Electronics & Instrumentation,3AR,29182,Tumkur
E011,M V J College of Engineering,EI,Electronics & Instrumentation,3BG,25320,Tumkur
E011,M V J College of Engineering,EI,Electronics & Instrumentation,GM,21181,Tumkur
E011,M V J College of Engineering,EI,Electronics & Instrumentation,GMK,30114,Tumkur
E011,M V J College of Engineering,EI,Electronics & Instrumentation,GMR,27216,Tumkur
E011,M V J College of Engineering,EI,Electronics & Instrumentation,SCG,97490,Tumkur
E011,M V J College of Engineering,EI,Electronics & Instrumentation,SCR,117676,Tumkur
E011,M V J College of Engineering,EI,Electronics & Instrumentation,STG,67912,Tumkur
E011,M V J College of Engineering,ET,Telecom,1G,24117,Tumkur
E011,M V J College of Engineering,ET,Telecom,1R,43561,Tumkur
E011,M V J College of Engineering,ET,Telecom,2AG,28384,Tumkur
E011,M V J College of Engineering,ET,Telecom,2AR,36558,Tumkur
E011,M V J College of Engineering,ET,Telecom,2BG,27768,Tumkur
E011,M V J College of Engineering,ET,Telecom,3AG,20106,Tumkur
E011,M V J College of Engineering,ET,Telecom,3BG,20835,Tumkur
E011,M V J College of Engineering,ET,Telecom,GM,15909,Tumkur
E011,M V J College of Engineering,ET,Telecom,GMK,38197,Tumkur
E011,M V J College of Engineering,ET,Telecom,GMR,27542,Tumkur
E011,M V J College of Engineering,ET,Telecom,SCG,98770,Tumkur
E011,M V J College of Engineering,ET,Telecom,SCK,89532,Tumkur
E011,M V J College of Engineering,ET,Telecom,STG,141114,Tumkur
E011,M V J College of Engineering,ET,Telecom,STK,18589,Tumkur
E011,M V J College of Engineering,IC,CS - IoT & Cyber Security,1K,13236,Tumkur
E011,M V J College of Engineering,IC,CS - IoT & Cyber Security,2AK,16073,Tumkur
E011,M V J College of Engineering,IC,CS - IoT & Cyber Security,2AR,50708,Tumkur
E011,M V J College of Engineering,IC,CS - IoT & Cyber Security,2BG,25864,Tumkur
E011,M V J College of Engineering,IC,CS - IoT & Cyber Security,2BK,7614,Tumkur
E011,M V J College of Engineering,IC,CS - IoT & Cyber Security,3AG,9240,Tumkur
E011,M V J College of Engineering,IC,CS - IoT & Cyber Security,3AK,7482,Tumkur
E011,M V J College of Engineering,IC,CS - IoT & Cyber Security,3BK,6771,Tumkur
E011,M V J College of Engineering,IC,CS - IoT & Cyber Security,GM,9165,Tumkur
E011,M V J College of Engineering,IC,CS - IoT & Cyber Security,GMK,52704,Tumkur
E011,M V J College of Engineering,IC,CS - IoT & Cyber Security,SCK,36991,Tumkur
E011,M V J College of Engineering,IC,CS - IoT & Cyber Security,STK,10369,Tumkur
E011,M V J College of Engineering,IE,Info.Science,1K,8547,Tumkur
E011,M V J College of Engineering,IE,Info.Science,1R,19064,Tumkur
E011,M V J College of Engineering,IE,Info.Science,2AG,9916,Tumkur
E011,M V J College of Engineering,IE,Info.Science,2AK,11724,Tumkur
E011,M V J College of Engineering,IE,Info.Science,2BK,6244,Tumkur
E011,M V J College of Engineering,IE,Info.Science,3AK,6493,Tumkur
E011,M V J College of Engineering,IE,Info.Science,3BG,8111,Tumkur
E011,M V J College of Engineering,IE,Info.Science,3BK,5430,Tumkur
E011,M V J College of Engineering,IE,Info.Science,3BR,10969,Tumkur
E011,M V J College of Engineering,IE,Info.Science,GM,8058,Tumkur
E011,M V J College of Engineering,IE,Info.Science,GMK,37041,Tumkur
E011,M V J College of Engineering,IE,Info.Science,GMR,59957,Tumkur
E011,M V J College of Engineering,IE,Info.Science,SCG,39224,Tumkur
E011,M V J College of Engineering,IE,Info.Science,SCK,39233,Tumkur
E011,M V J College of Engineering,IE,Info.Science,STG,39322,Tumkur
E011,M V J College of Engineering,MD,Medical Electronics,1K,76317,Tumkur
E011,M V J College of Engineering,MD,Medical Electronics,1R,125501,Tumkur
E011,M V J College of Engineering,MD,Medical Electronics,2AK,80320,Tumkur
E011,M V J College of Engineering,MD,Medical Electronics,2BK,51289,Tumkur
E011,M V J College of Engineering,MD,Medical Electronics,3AG,116867,Tumkur
E011,M V J College of Engineering,MD,Medical Electronics,3AK,46753,Tumkur
E011,M V J College of Engineering,MD,Medical Electronics,3BK,46746,Tumkur
E011,M V J College of Engineering,MD,Medical Electronics,3BR,95135,Tumkur
E011,M V J College of Engineering,MD,Medical Electronics,GM,79687,Tumkur
E011,M V J College of Engineering,MD,Medical Electronics,GMK,130642,Tumkur
E011,M V J College of Engineering,MD,Medical Electronics,SCK,194798,Tumkur
E011,M V J College of Engineering,MD,Medical Electronics,STG,215445,Tumkur
E011,M V J College of Engineering,MD,Medical Electronics,STK,38989,Tumkur
E011,M V J College of Engineering,ME,Mechanical,1K,68035,Tumkur
E011,M V J College of Engineering,ME,Mechanical,2AG,72923,Tumkur
E011,M V J College of Engineering,ME,Mechanical,2AK,58052,Tumkur
E011,M V J College of Engineering,ME,Mechanical,2BK,45961,Tumkur
E011,M V J College of Engineering,ME,Mechanical,3AK,44982,Tumkur
E011,M V J College of Engineering,ME,Mechanical,3AR,77926,Tumkur
E011,M V J College of Engineering,ME,Mechanical,3BG,79586,Tumkur
E011,M V J College of Engineering,ME,Mechanical,3BK,36593,Tumkur
E011,M V J College of Engineering,ME,Mechanical,3BR,70478,Tumkur
E011,M V J College of Engineering,ME,Mechanical,GM,65111,Tumkur
E011,M V J College of Engineering,ME,Mechanical,GMK,128249,Tumkur
E011,M V J College of Engineering,ME,Mechanical,SCK,180024,Tumkur
E011,M V J College of Engineering,ME,Mechanical,SCR,19375,Tumkur
E011,M V J College of Engineering,ME,Mechanical,STR,16945,Tumkur
E011,M V J College of Engineering,RI,Robotics & AI,1K,19619,Tumkur
E011,M V J College of Engineering,RI,Robotics & AI,1R,22731,Tumkur
E011,M V J College of Engineering,RI,Robotics & AI,2AR,11731,Tumkur
E011,M V J College of Engineering,RI,Robotics & AI,2BR,14634,Tumkur
E011,M V J College of Engineering,RI,Robotics & AI,3AR,9578,Tumkur
E011,M V J College of Engineering,RI,Robotics & AI,3BG,28094,Tumkur
E011,M V J College of Engineering,RI,Robotics & AI,3BK,14527,Tumkur
E011,M V J College of Engineering,RI,Robotics & AI,3BR,51905,Tumkur
E011,M V J College of Engineering,RI,Robotics & AI,GMK,71271,Tumkur
E011,M V J College of Engineering,RI,Robotics & AI,GMR,15040,Tumkur
E011,M V J College of Engineering,RI,Robotics & AI,SCR,9089,Tumkur
E011,M V J College of Engineering,RI,Robotics & AI,STR,9592,Tumkur
E011,M V J College of Engineering,AI,Artificial Intelligence,1K,11149,Tumkur
E011,M V J College of Engineering,AI,Artificial Intelligence,1R,10906,Tumkur
E011,M V J College of Engineering,AI,Artificial Intelligence,2AR,6827,Tumkur
E011,M V J College of Engineering,AI,Artificial Intelligence,2BR,6321,Tumkur
E011,M V J College of Engineering,AI,Artificial Intelligence,3AR,6117,Tumkur
E011,M V J College of Engineering,AI,Artificial Intelligence,3BG,10062,Tumkur
E011,M V J College of Engineering,AI,Artificial Intelligence,3BK,9554,Tumkur
E011,M V J College of Engineering,AI,Artificial Intelligence,3BR,37299,Tumkur
E011,M V J College of Engineering,AI,Artificial Intelligence,GMK,41933,Tumkur
E011,M V J College of Engineering,AI,Artificial Intelligence,GMR,38112,Tumkur
E011,M V J College of Engineering,AI,Artificial Intelligence,SCR,85571,Tumkur
E011,M V J College of Engineering,AI,Artificial Intelligence,STR,112071,Tumkur
E011,M V J College of Engineering,CE,Civil,1K,123639,Tumkur
E011,M V J College of Engineering,CE,Civil,1R,86550,Tumkur
E011,M V J College of Engineering,CE,Civil,2AR,80132,Tumkur
E011,M V J College of Engineering,CE,Civil,2BR,89071,Tumkur
E011,M V J College of Engineering,CE,Civil,3AK,111825,Tumkur
E011,M V J College of Engineering,CE,Civil,3AR,78905,Tumkur
E011,M V J College of Engineering,CE,Civil,3BG,92394,Tumkur
E011,M V J College of Engineering,CE,Civil,3BK,97102,Tumkur
E011,M V J College of Engineering,CE,Civil,GM,188475,Tumkur
E011,M V J College of Engineering,CE,Civil,GMK,9822,Tumkur
E011,M V J College of Engineering,CE,Civil,SCG,10731,Tumkur
E011,M V J College of Engineering,CE,Civil,SCK,9094,Tumkur
E011,M V J College of Engineering,CE,Civil,SCR,10065,Tumkur
E011,M V J College of Engineering,CE,Civil,STG,9501,Tumkur
E011,M V J College of Engineering,CE,Civil,STK,10775,Tumkur
E011,M V J College of Engineering,CS,Computer Science,1G,14436,Tumkur
E011,M V J College of Engineering,CS,Computer Science,1K,6413,Tumkur
E011,M V J College of Engineering,CS,Computer Science,2AK,6230,Tumkur
E011,M V J College of Engineering,CS,Computer Science,2BG,8671,Tumkur
E011,M V J College of Engineering,CS,Computer Science,2BK,5540,Tumkur
E011,M V J College of Engineering,CS,Computer Science,2BR,9953,Tumkur
E011,M V J College of Engineering,CS,Computer Science,3AG,6786,Tumkur
E011,M V J College of Engineering,CS,Computer Science,3AK,30810,Tumkur
E011,M V J College of Engineering,CS,Computer Science,3AR,45214,Tumkur
E011,M V J College of Engineering,CS,Computer Science,3BG,44824,Tumkur
E011,M V J College of Engineering,CS,Computer Science,3BK,31652,Tumkur
E011,M V J College of Engineering,CS,Computer Science,3BR,39630,Tumkur
E011,M V J College of Engineering,CS,Computer Science,GM,32304,Tumkur
E011,M V J College of Engineering,CS,Computer Science,GMK,12799,Tumkur
E011,M V J College of Engineering,CS,Computer Science,GMR,21889,Tumkur
E011,M V J College of Engineering,CS,Computer Science,SCK,10375,Tumkur
E011,M V J College of Engineering,CS,Computer Science,STG,12911,Tumkur
E011,M V J College of Engineering,CS,Computer Science,STK,16061,Tumkur
E011,M V J College of Engineering,DS,Data Science,1K,7928,Tumkur
E011,M V J College of Engineering,DS,Data Science,2AK,9194,Tumkur
E011,M V J College of Engineering,DS,Data Science,2BK,7721,Tumkur
E011,M V J College of Engineering,DS,Data Science,3AG,9718,Tumkur
E011,M V J College of Engineering,DS,Data Science,3AK,42564,Tumkur
E011,M V J College of Engineering,DS,Data Science,3BG,57777,Tumkur
E011,M V J College of Engineering,DS,Data Science,3BK,35922,Tumkur
E011,M V J College of Engineering,DS,Data Science,GMK,19393,Tumkur
E011,M V J College of Engineering,DS,Data Science,SCK,15530,Tumkur
E011,M V J College of Engineering,DS,Data Science,SCR,21807,Tumkur
E011,M V J College of Engineering,DS,Data Science,STG,18427,Tumkur
E011,M V J College of Engineering,DS,Data Science,STK,28505,Tumkur
E011,M V J College of Engineering,EC,Electronics,1K,10805,Tumkur
E011,M V J College of Engineering,EC,Electronics,2AK,11082,Tumkur
E011,M V J College of Engineering,EC,Electronics,2BG,15228,Tumkur
E011,M V J College of Engineering,EC,Electronics,2BK,9480,Tumkur
E011,M V J College of Engineering,EC,Electronics,2BR,18942,Tumkur
E011,M V J College of Engineering,EC,Electronics,3AG,14117,Tumkur
E011,M V J College of Engineering,EC,Electronics,3AK,62422,Tumkur
E011,M V J College of Engineering,EC,Electronics,3AR,79054,Tumkur
E011,M V J College of Engineering,EC,Electronics,3BG,78941,Tumkur
E011,M V J College of Engineering,EC,Electronics,3BK,62605,Tumkur
E011,M V J College of Engineering,EC,Electronics,GM,64332,Tumkur
E011,M V J College of Engineering,EC,Electronics,SCG,58018,Tumkur
E011,M V J College of Engineering,EC,Electronics,SCK,30758,Tumkur
E011,M V J College of Engineering,EE,Electrical,1K,25824,Tumkur
E011,M V J College of Engineering,EE,Electrical,2AK,19990,Tumkur
E011,M V J College of Engineering,EE,Electrical,2BK,19718,Tumkur
E011,M V J College of Engineering,EE,Electrical,2BR,37247,Tumkur
E011,M V J College of Engineering,EE,Electrical,3AG,25758,Tumkur
E011,M V J College of Engineering,EE,Electrical,3AK,79222,Tumkur
E011,M V J College of Engineering,EE,Electrical,3BG,85347,Tumkur
E011,M V J College of Engineering,EE,Electrical,3BK,78070,Tumkur
E011,M V J College of Engineering,EE,Electrical,3BR,113664,Tumkur
E011,M V J College of Engineering,EE,Electrical,GMK,26214,Tumkur
E011,M V J College of Engineering,EE,Electrical,SCK,41101,Tumkur
E011,M V J College of Engineering,EE,Electrical,STK,43167,Tumkur
E011,M V J College of Engineering,EI,Electronics & Instrumentation,1K,34768,Tumkur
E011,M V J College of Engineering,EI,Electronics & Instrumentation,2AG,57609,Tumkur
E011,M V J College of Engineering,EI,Electronics & Instrumentation,2AK,29680,Tumkur
E011,M V J College of Engineering,EI,Electronics & Instrumentation,2BK,25109,Tumkur
E011,M V J College of Engineering,EI,Electronics & Instrumentation,2BR,38852,Tumkur
E011,M V J College of Engineering,EI,Electronics & Instrumentation,3AG,40619,Tumkur
E011,M V J College of Engineering,EI,Electronics & Instrumentation,3AK,120169,Tumkur
E011,M V J College of Engineering,EI,Electronics & Instrumentation,3BK,122389,Tumkur
E011,M V J College of Engineering,EI,Electronics & Instrumentation,GMK,29739,Tumkur
E011,M V J College of Engineering,EI,Electronics & Instrumentation,SCK,30356,Tumkur
E011,M V J College of Engineering,EI,Electronics & Instrumentation,STK,37898,Tumkur
E011,M V J College of Engineering,EI,Electronics & Instrumentation,STR,153865,Tumkur
E011,M V J College of Engineering,ET,Telecom,1G,48248,Tumkur
E011,M V J College of Engineering,ET,Telecom,2AG,35261,Tumkur
E011,M V J College of Engineering,ET,Telecom,2AK,25648,Tumkur
E011,M V J College of Engineering,ET,Telecom,2BK,19130,Tumkur
E011,M V J College of Engineering,ET,Telecom,3AG,33339,Tumkur
E011,M V J College of Engineering,ET,Telecom,3AK,99509,Tumkur
E011,M V J College of Engineering,ET,Telecom,3BK,116492,Tumkur
E011,M V J College of Engineering,ET,Telecom,GMK,24727,Tumkur
E011,M V J College of Engineering,ET,Telecom,SCK,26227,Tumkur
E011,M V J College of Engineering,ET,Telecom,STK,40387,Tumkur
E011,M V J College of Engineering,EV,EC  Engg(VLSI,1G,149701,Tumkur
E011,M V J College of Engineering,EV,EC  Engg(VLSI,1R,39112,Tumkur
E011,M V J College of Engineering,EV,EC  Engg(VLSI,2AG,30476,Tumkur
E011,M V J College of Engineering,EV,EC  Engg(VLSI,2AK,26038,Tumkur
E011,M V J College of Engineering,EV,EC  Engg(VLSI,2BK,18938,Tumkur
E011,M V J College of Engineering,EV,EC  Engg(VLSI,3AG,24631,Tumkur
E011,M V J College of Engineering,EV,EC  Engg(VLSI,3AK,96251,Tumkur
E011,M V J College of Engineering,EV,EC  Engg(VLSI,3BK,81500,Tumkur
E011,M V J College of Engineering,EV,EC  Engg(VLSI,GMK,14573,Tumkur
E011,M V J College of Engineering,EV,EC  Engg(VLSI,SCK,15184,Tumkur
E011,M V J College of Engineering,EV,EC  Engg(VLSI,STG,17524,Tumkur
E011,M V J College of Engineering,EV,EC  Engg(VLSI,STK,21425,Tumkur
E011,M V J College of Engineering,IC,CS - IoT & Cyber Security,1K,11276,Tumkur
E011,M V J College of Engineering,IC,CS - IoT & Cyber Security,2AK,10879,Tumkur
E011,M V J College of Engineering,IC,CS - IoT & Cyber Security,2AR,26085,Tumkur
E011,M V J College of Engineering,IC,CS - IoT & Cyber Security,2BK,8997,Tumkur
E011,M V J College of Engineering,IC,CS - IoT & Cyber Security,3AG,15721,Tumkur
E011,M V J College of Engineering,IC,CS - IoT & Cyber Security,3AK,64261,Tumkur
E011,M V J College of Engineering,IC,CS - IoT & Cyber Security,3BG,65179,Tumkur
E011,M V J College of Engineering,IC,CS - IoT & Cyber Security,3BK,57851,Tumkur
E011,M V J College of Engineering,IC,CS - IoT & Cyber Security,GMK,11499,Tumkur
E011,M V J College of Engineering,IC,CS - IoT & Cyber Security,SCK,10662,Tumkur
E011,M V J College of Engineering,IC,CS - IoT & Cyber Security,SCR,17210,Tumkur
E011,M V J College of Engineering,IC,CS - IoT & Cyber Security,STG,10866,Tumkur
E011,M V J College of Engineering,IC,CS - IoT & Cyber Security,STK,15730,Tumkur
E011,M V J College of Engineering,IE,Info.Science,1K,7558,Tumkur
E011,M V J College of Engineering,IE,Info.Science,2AK,8366,Tumkur
E011,M V J College of Engineering,IE,Info.Science,2BG,12652,Tumkur
E011,M V J College of Engineering,IE,Info.Science,2BK,7360,Tumkur
E011,M V J College of Engineering,IE,Info.Science,2BR,16705,Tumkur
E011,M V J College of Engineering,IE,Info.Science,3AG,9728,Tumkur
E011,M V J College of Engineering,IE,Info.Science,3AK,51782,Tumkur
E011,M V J College of Engineering,IE,Info.Science,3AR,71108,Tumkur
E011,M V J College of Engineering,IE,Info.Science,3BG,63553,Tumkur
E011,M V J College of Engineering,IE,Info.Science,3BK,42807,Tumkur
E011,M V J College of Engineering,IE,Info.Science,GM,42889,Tumkur
E011,M V J College of Engineering,IE,Info.Science,GMK,57321,Tumkur
E011,M V J College of Engineering,IE,Info.Science,SCG,115460,Tumkur
E011,M V J College of Engineering,IE,Info.Science,SCK,76291,Tumkur
E011,M V J College of Engineering,IE,Info.Science,SCR,103002,Tumkur
E011,M V J College of Engineering,IE,Info.Science,STG,89030,Tumkur
E011,M V J College of Engineering,IE,Info.Science,STK,68357,Tumkur
E011,M V J College of Engineering,ME,Mechanical,1K,57794,Tumkur
E011,M V J College of Engineering,ME,Mechanical,2AK,58415,Tumkur
E011,M V J College of Engineering,ME,Mechanical,2BK,51301,Tumkur
E011,M V J College of Engineering,ME,Mechanical,2BR,78324,Tumkur
E011,M V J College of Engineering,ME,Mechanical,3AG,85541,Tumkur
E011,M V J College of Engineering,ME,Mechanical,3AK,146999,Tumkur
E011,M V J College of Engineering,ME,Mechanical,3BK,191446,Tumkur
E011,M V J College of Engineering,ME,Mechanical,3BR,22294,Tumkur
E011,M V J College of Engineering,ME,Mechanical,GMR,19411,Tumkur
E011,M V J College of Engineering,ME,Mechanical,SCK,20970,Tumkur
E011,M V J College of Engineering,ME,Mechanical,SCR,31306,Tumkur
E011,M V J College of Engineering,ME,Mechanical,STR,13572,Tumkur
E011,M V J College of Engineering,RI,Robotics & AI,1R,14923,Tumkur
E011,M V J College of Engineering,RI,Robotics & AI,2AR,13559,Tumkur
E011,M V J College of Engineering,RI,Robotics & AI,2BG,44002,Tumkur
E011,M V J College of Engineering,RI,Robotics & AI,2BK,19268,Tumkur
E011,M V J College of Engineering,RI,Robotics & AI,2BR,56341,Tumkur
E011,M V J College of Engineering,RI,Robotics & AI,3AK,65641,Tumkur
E011,M V J College of Engineering,RI,Robotics & AI,3AR,64521,Tumkur
E011,M V J College of Engineering,RI,Robotics & AI,3BR,6987,Tumkur
E011,M V J College of Engineering,RI,Robotics & AI,GMK,7869,Tumkur
E011,M V J College of Engineering,RI,Robotics & AI,GMR,5290,Tumkur
E011,M V J College of Engineering,RI,Robotics & AI,SCG,10297,Tumkur
E011,M V J College of Engineering,RI,Robotics & AI,SCK,7012,Tumkur
E011,M V J College of Engineering,RI,Robotics & AI,SCR,7830,Tumkur
E011,M V J College of Engineering,RI,Robotics & AI,STK,10654,Tumkur
E011,M V J College of Engineering,RI,Robotics & AI,STR,3085,Tumkur
E011,M V J College of Engineering,AM,B Tech in AM,1K,5468,Tumkur
E011,M V J College of Engineering,AM,B Tech in AM,1R,3008,Tumkur
E011,M V J College of Engineering,AM,B Tech in AM,2AG,9961,Tumkur
E011,M V J College of Engineering,AM,B Tech in AM,2AK,4882,Tumkur
E011,M V J College of Engineering,AM,B Tech in AM,2AR,1763,Tumkur
E011,M V J College of Engineering,AM,B Tech in AM,2BG,9398,Tumkur
E011,M V J College of Engineering,AM,B Tech in AM,2BK,4839,Tumkur
E011,M V J College of Engineering,AM,B Tech in AM,2BR,27512,Tumkur
E011,M V J College of Engineering,AM,B Tech in AM,3AG,30385,Tumkur
E011,M V J College of Engineering,AM,B Tech in AM,3AK,48891,Tumkur
E011,M V J College of Engineering,AM,B Tech in AM,3AR,32335,Tumkur
E011,M V J College of Engineering,AM,B Tech in AM,3BG,33425,Tumkur
E011,M V J College of Engineering,AM,B Tech in AM,3BK,38436,Tumkur
E011,M V J College of Engineering,AM,B Tech in AM,3BR,196,Tumkur
E011,M V J College of Engineering,AM,B Tech in AM,GMR,149,Tumkur
E011,M V J College of Engineering,AM,B Tech in AM,STR,99,Tumkur
E011,M V J College of Engineering,AR,Architecture,2AR,60,Tumkur
E011,M V J College of Engineering,AR,Architecture,2BK,429,Tumkur
E011,M V J College of Engineering,AR,Architecture,3BR,10089,Tumkur
E011,M V J College of Engineering,AR,Architecture,GMK,15093,Tumkur
E011,M V J College of Engineering,AR,Architecture,GMR,7947,Tumkur
E011,M V J College of Engineering,AR,Architecture,SCG,14776,Tumkur
E011,M V J College of Engineering,AR,Architecture,SCK,11550,Tumkur
E011,M V J College of Engineering,AR,Architecture,SCR,11471,Tumkur
E011,M V J College of Engineering,AR,Architecture,STK,14098,Tumkur
E011,M V J College of Engineering,AR,Architecture,STR,5101,Tumkur
E011,M V J College of Engineering,BB,B Tech in EC,1G,13633,Tumkur
E011,M V J College of Engineering,BB,B Tech in EC,1K,9371,Tumkur
E011,M V J College of Engineering,BB,B Tech in EC,1R,5223,Tumkur
E011,M V J College of Engineering,BB,B Tech in EC,2AK,8621,Tumkur
E011,M V J College of Engineering,BB,B Tech in EC,2AR,3018,Tumkur
E011,M V J College of Engineering,BB,B Tech in EC,2BG,11368,Tumkur
E011,M V J College of Engineering,BB,B Tech in EC,2BK,8254,Tumkur
E011,M V J College of Engineering,BB,B Tech in EC,2BR,38888,Tumkur
E011,M V J College of Engineering,BB,B Tech in EC,3AG,65409,Tumkur
E011,M V J College of Engineering,BB,B Tech in EC,3AK,65763,Tumkur
E011,M V J College of Engineering,BB,B Tech in EC,3AR,46303,Tumkur
E011,M V J College of Engineering,BB,B Tech in EC,3BK,52279,Tumkur
E011,M V J College of Engineering,BB,B Tech in EC,3BR,16634,Tumkur
E011,M V J College of Engineering,BB,B Tech in EC,GMK,19070,Tumkur
E011,M V J College of Engineering,BB,B Tech in EC,GMR,14467,Tumkur
E011,M V J College of Engineering,BB,B Tech in EC,SCR,22494,Tumkur
E011,M V J College of Engineering,BB,B Tech in EC,STG,106119,Tumkur
E011,M V J College of Engineering,BB,B Tech in EC,STR,5687,Tumkur
E011,M V J College of Engineering,BJ,B Tech in EE,1R,7690,Tumkur
E011,M V J College of Engineering,BJ,B Tech in EE,2AR,5037,Tumkur
E011,M V J College of Engineering,BJ,B Tech in EE,2BK,13000,Tumkur
E011,M V J College of Engineering,BJ,B Tech in EE,2BR,59225,Tumkur
E011,M V J College of Engineering,BJ,B Tech in EE,3AK,75243,Tumkur
E011,M V J College of Engineering,BJ,B Tech in EE,3AR,48731,Tumkur
E011,M V J College of Engineering,BJ,B Tech in EE,3BR,30879,Tumkur
E011,M V J College of Engineering,BJ,B Tech in EE,GMR,25542,Tumkur
E011,M V J College of Engineering,BJ,B Tech in EE,SCG,52586,Tumkur
E011,M V J College of Engineering,BJ,B Tech in EE,SCK,58474,Tumkur
E011,M V J College of Engineering,BJ,B Tech in EE,STK,40743,Tumkur
E011,M V J College of Engineering,BO,B Tech in BT,1R,16942,Tumkur
E011,M V J College of Engineering,BO,B Tech in BT,2AR,10425,Tumkur
E011,M V J College of Engineering,BO,B Tech in BT,2BK,26265,Tumkur
E011,M V J College of Engineering,BO,B Tech in BT,2BR,68829,Tumkur
E011,M V J College of Engineering,BO,B Tech in BT,3AR,18040,Tumkur
E011,M V J College of Engineering,BO,B Tech in BT,3BR,4030,Tumkur
E011,M V J College of Engineering,BO,B Tech in BT,GM,9465,Tumkur
E011,M V J College of Engineering,BO,B Tech in BT,GMK,7447,Tumkur
E011,M V J College of Engineering,BO,B Tech in BT,GMR,3187,Tumkur
E011,M V J College of Engineering,BO,B Tech in BT,SCG,9994,Tumkur
E011,M V J College of Engineering,BO,B Tech in BT,SCK,4623,Tumkur
E011,M V J College of Engineering,BO,B Tech in BT,SCR,5889,Tumkur
E011,M V J College of Engineering,BO,B Tech in BT,STK,6750,Tumkur
E011,M V J College of Engineering,BO,B Tech in BT,STR,2005,Tumkur
E011,M V J College of Engineering,BW,B Tech in CS,1K,4045,Tumkur
E011,M V J College of Engineering,BW,B Tech in CS,1R,1940,Tumkur
E011,M V J College of Engineering,BW,B Tech in CS,2AG,6337,Tumkur
E011,M V J College of Engineering,BW,B Tech in CS,2AK,3911,Tumkur
E011,M V J College of Engineering,BW,B Tech in CS,2AR,1247,Tumkur
E011,M V J College of Engineering,BW,B Tech in CS,2BG,5557,Tumkur
E011,M V J College of Engineering,BW,B Tech in CS,2BK,3453,Tumkur
E011,M V J College of Engineering,BW,B Tech in CS,2BR,18840,Tumkur
E011,M V J College of Engineering,BW,B Tech in CS,3AG,21207,Tumkur
E011,M V J College of Engineering,BW,B Tech in CS,3AK,36632,Tumkur
E011,M V J College of Engineering,BW,B Tech in CS,3AR,26538,Tumkur
E011,M V J College of Engineering,BW,B Tech in CS,3BG,29081,Tumkur
E011,M V J College of Engineering,BW,B Tech in CS,3BK,29644,Tumkur
E011,M V J College of Engineering,BW,B Tech in CS,GMR,28118,Tumkur
E011,M V J College of Engineering,BW,B Tech in CS,SCR,30435,Tumkur
E011,M V J College of Engineering,BW,B Tech in CS,STR,21154,Tumkur
E011,M V J College of Engineering,DB,B Tech in ME,1R,25363,Tumkur
E011,M V J College of Engineering,DB,B Tech in ME,2AR,9117,Tumkur
E011,M V J College of Engineering,DB,B Tech in ME,2BK,38584,Tumkur
E011,M V J College of Engineering,DB,B Tech in ME,2BR,92226,Tumkur
E011,M V J College of Engineering,DB,B Tech in ME,3AG,96828,Tumkur
E011,M V J College of Engineering,DB,B Tech in ME,3AK,155130,Tumkur
E011,M V J College of Engineering,DB,B Tech in ME,3AR,74760,Tumkur
E011,M V J College of Engineering,DB,B Tech in ME,3BR,79585,Tumkur
E011,M V J College of Engineering,DB,B Tech in ME,GMR,70724,Tumkur
E011,M V J College of Engineering,DB,B Tech in ME,SCK,72429,Tumkur
E011,M V J College of Engineering,DB,B Tech in ME,SCR,77883,Tumkur
E011,M V J College of Engineering,DB,B Tech in ME,STR,54182,Tumkur
E011,M V J College of Engineering,AE,Aeronautical,1R,51340,Tumkur
E011,M V J College of Engineering,AE,Aeronautical,2AR,50934,Tumkur
E011,M V J College of Engineering,AE,Aeronautical,2BG,58185,Tumkur
E011,M V J College of Engineering,AE,Aeronautical,2BK,69335,Tumkur
E011,M V J College of Engineering,AE,Aeronautical,3AG,159790,Tumkur
E011,M V J College of Engineering,AE,Aeronautical,3BK,26460,Tumkur
E011,M V J College of Engineering,AE,Aeronautical,GMK,29209,Tumkur
E011,M V J College of Engineering,AE,Aeronautical,SCK,22455,Tumkur
E011,M V J College of Engineering,AE,Aeronautical,STG,25844,Tumkur
E011,M V J College of Engineering,AE,Aeronautical,STK,22564,Tumkur
E011,M V J College of Engineering,AE,Aeronautical,STR,27738,Tumkur
E011,M V J College of Engineering,AI,Artificial Intelligence,1K,22166,Tumkur
E011,M V J College of Engineering,AI,Artificial Intelligence,2AG,23838,Tumkur
E011,M V J College of Engineering,AI,Artificial Intelligence,2AK,65633,Tumkur
E011,M V J College of Engineering,AI,Artificial Intelligence,2BG,74055,Tumkur
E011,M V J College of Engineering,AI,Artificial Intelligence,2BK,54089,Tumkur
E011,M V J College of Engineering,AI,Artificial Intelligence,3AK,33790,Tumkur
E011,M V J College of Engineering,AI,Artificial Intelligence,3AR,109783,Tumkur
E011,M V J College of Engineering,AI,Artificial Intelligence,3BK,37152,Tumkur
E011,M V J College of Engineering,AI,Artificial Intelligence,GM,38462,Tumkur
E011,M V J College of Engineering,AI,Artificial Intelligence,GMK,40985,Tumkur
E011,M V J College of Engineering,AI,Artificial Intelligence,STK,30451,Tumkur
E011,M V J College of Engineering,CD,Computer Sc and Design,1K,28886,Tumkur
E011,M V J College of Engineering,CD,Computer Sc and Design,2AG,30348,Tumkur
E011,M V J College of Engineering,CD,Computer Sc and Design,2AK,106033,Tumkur
E011,M V J College of Engineering,CD,Computer Sc and Design,2BG,117522,Tumkur
E011,M V J College of Engineering,CD,Computer Sc and Design,2BK,96831,Tumkur
E011,M V J College of Engineering,CD,Computer Sc and Design,3BK,112782,Tumkur
E011,M V J College of Engineering,CE,Civil,1K,88679,Tumkur
E011,M V J College of Engineering,CE,Civil,1R,96194,Tumkur
E011,M V J College of Engineering,CE,Civil,3AR,58922,Tumkur
E011,M V J College of Engineering,CE,Civil,GMR,68064,Tumkur
E011,M V J College of Engineering,CE,Civil,STR,35416,Tumkur
E011,M V J College of Engineering,CH,Chemical,1G,82576,Tumkur
E011,M V J College of Engineering,CH,Chemical,1K,65269,Tumkur
E011,M V J College of Engineering,CH,Chemical,1R,70135,Tumkur
E011,M V J College of Engineering,CH,Chemical,2BR,26278,Tumkur
E011,M V J College of Engineering,CH,Chemical,3AR,25546,Tumkur
E011,M V J College of Engineering,CH,Chemical,3BG,28095,Tumkur
E011,M V J College of Engineering,CH,Chemical,3BK,27305,Tumkur
E011,M V J College of Engineering,CH,Chemical,3BR,29027,Tumkur
E011,M V J College of Engineering,CH,Chemical,GMR,22662,Tumkur
E011,M V J College of Engineering,CH,Chemical,SCK,23622,Tumkur
E011,M V J College of Engineering,CH,Chemical,SCR,22702,Tumkur
E011,M V J College of Engineering,CH,Chemical,STK,23966,Tumkur
E011,M V J College of Engineering,CH,Chemical,STR,21665,Tumkur
E011,M V J College of Engineering,CS,Computer Science,1G,27184,Tumkur
E011,M V J College of Engineering,CS,Computer Science,1K,23317,Tumkur
E011,M V J College of Engineering,CS,Computer Science,1R,67289,Tumkur
E011,M V J College of Engineering,CS,Computer Science,2AG,73994,Tumkur
E011,M V J College of Engineering,CS,Computer Science,2AK,87975,Tumkur
E011,M V J College of Engineering,CS,Computer Science,2AR,60489,Tumkur
E011,M V J College of Engineering,CS,Computer Science,2BK,85040,Tumkur
E005,R. V. College of Engineering Bangalore,EE,Electrical,1G,7711,Bangalore
